{
  "abstract_label_only_precision": 0.4130675526024363,
  "abstract_label_only_recall": 0.6227045075125208,
  "abstract_label_only_f1": 0.49667110519307583,
  "abstract_rationalized_precision": 0.17054263565891473,
  "abstract_rationalized_recall": 0.2570951585976628,
  "abstract_rationalized_f1": 0.20505992010652463,
  "sentence_selection_precision": 0.12830364419606474,
  "sentence_selection_recall": 1.0,
  "sentence_selection_f1": 0.22742751006088124,
  "sentence_label_precision": 0.08126673652346024,
  "sentence_label_recall": 0.6333938294010889,
  "sentence_label_f1": 0.14405118150861623
}