{
  "abstract_label_only_precision": 0.3217665615141956,
  "abstract_label_only_recall": 0.3217665615141956,
  "abstract_label_only_f1": 0.3217665615141956,
  "abstract_rationalized_precision": 0.12302839116719243,
  "abstract_rationalized_recall": 0.12302839116719243,
  "abstract_rationalized_f1": 0.12302839116719243,
  "sentence_selection_precision": 0.18980169971671387,
  "sentence_selection_recall": 1.0,
  "sentence_selection_f1": 0.3190476190476191,
  "sentence_label_precision": 0.06196883852691218,
  "sentence_label_recall": 0.32649253731343286,
  "sentence_label_f1": 0.10416666666666667
}