{
  "abstract_label_only_precision": 0.6545454545454545,
  "abstract_label_only_recall": 0.45569620253164556,
  "abstract_label_only_f1": 0.5373134328358209,
  "abstract_rationalized_precision": 0.03636363636363636,
  "abstract_rationalized_recall": 0.02531645569620253,
  "abstract_rationalized_f1": 0.02985074626865672,
  "sentence_selection_precision": 0.42857142857142855,
  "sentence_selection_recall": 0.02158273381294964,
  "sentence_selection_f1": 0.04109589041095891,
  "sentence_label_precision": 0.2857142857142857,
  "sentence_label_recall": 0.014388489208633094,
  "sentence_label_f1": 0.0273972602739726
}