{
  "abstract_label_only_precision": 0.7668918918918919,
  "abstract_label_only_recall": 0.7579298831385642,
  "abstract_label_only_f1": 0.7623845507976491,
  "abstract_rationalized_precision": 0.731418918918919,
  "abstract_rationalized_recall": 0.7228714524207012,
  "abstract_rationalized_f1": 0.727120067170445,
  "sentence_selection_precision": 0.7955426356589147,
  "sentence_selection_recall": 0.7450090744101633,
  "sentence_selection_f1": 0.7694470477975632,
  "sentence_label_precision": 0.6976744186046512,
  "sentence_label_recall": 0.6533575317604355,
  "sentence_label_f1": 0.6747891283973758
}