{
  "abstract_label_only_precision": 0.48226950354609927,
  "abstract_label_only_recall": 0.4540901502504174,
  "abstract_label_only_f1": 0.46775580395528804,
  "abstract_rationalized_precision": 0.06560283687943262,
  "abstract_rationalized_recall": 0.06176961602671119,
  "abstract_rationalized_f1": 0.06362854686156492,
  "sentence_selection_precision": 0.4147465437788018,
  "sentence_selection_recall": 0.08166969147005444,
  "sentence_selection_f1": 0.13646702047005307,
  "sentence_label_precision": 0.2488479262672811,
  "sentence_label_recall": 0.04900181488203267,
  "sentence_label_f1": 0.08188021228203184
}