{
  "abstract_label_only_precision": 0.7508305647840532,
  "abstract_label_only_recall": 0.7545909849749582,
  "abstract_label_only_f1": 0.75270607826811,
  "abstract_rationalized_precision": 0.6760797342192691,
  "abstract_rationalized_recall": 0.679465776293823,
  "abstract_rationalized_f1": 0.6777685262281432,
  "sentence_selection_precision": 0.7647058823529411,
  "sentence_selection_recall": 0.7078039927404719,
  "sentence_selection_f1": 0.7351555136663525,
  "sentence_label_precision": 0.6450980392156863,
  "sentence_label_recall": 0.5970961887477314,
  "sentence_label_f1": 0.6201696512723847
}