{
  "abstract_label_only_precision": 0.7768014059753954,
  "abstract_label_only_recall": 0.7378964941569283,
  "abstract_label_only_f1": 0.7568493150684931,
  "abstract_rationalized_precision": 0.7434094903339191,
  "abstract_rationalized_recall": 0.7061769616026711,
  "abstract_rationalized_f1": 0.7243150684931506,
  "sentence_selection_precision": 0.8333333333333334,
  "sentence_selection_recall": 0.7531760435571688,
  "sentence_selection_f1": 0.7912297426120114,
  "sentence_label_precision": 0.7329317269076305,
  "sentence_label_recall": 0.662431941923775,
  "sentence_label_f1": 0.6959008579599619
}