{
  "abstract_label_only_precision": 0.7728706624605678,
  "abstract_label_only_recall": 0.7728706624605678,
  "abstract_label_only_f1": 0.7728706624605678,
  "abstract_rationalized_precision": 0.5962145110410094,
  "abstract_rationalized_recall": 0.5962145110410094,
  "abstract_rationalized_f1": 0.5962145110410094,
  "sentence_selection_precision": 0.5305084745762711,
  "sentence_selection_recall": 0.5839552238805971,
  "sentence_selection_f1": 0.5559502664298402,
  "sentence_label_precision": 0.41694915254237286,
  "sentence_label_recall": 0.458955223880597,
  "sentence_label_f1": 0.43694493783303723
}