{
  "abstract_label_only_precision": 0.7051282051282052,
  "abstract_label_only_recall": 0.17350157728706625,
  "abstract_label_only_f1": 0.27848101265822783,
  "abstract_rationalized_precision": 0.21794871794871795,
  "abstract_rationalized_recall": 0.05362776025236593,
  "abstract_rationalized_f1": 0.08607594936708861,
  "sentence_selection_precision": 0.14934289127837516,
  "sentence_selection_recall": 0.2332089552238806,
  "sentence_selection_f1": 0.1820830298616169,
  "sentence_label_precision": 0.1063321385902031,
  "sentence_label_recall": 0.166044776119403,
  "sentence_label_f1": 0.1296431172614712
}